<?xml version="1.0"?>
<!DOCTYPE hibernate-mapping PUBLIC "-//Hibernate/Hibernate Mapping DTD 3.0//EN"
"http://hibernate.sourceforge.net/hibernate-mapping-3.0.dtd">
<!-- Generated 25 Oct, 2020 8:16:49 PM by Hibernate Tools 3.5.0.Final -->
<hibernate-mapping>
    <class name="com.voidmain.pojo.Article" table="ARTICLE">
        <id name="id" type="int">
            <column name="ID" />
            <generator class="increment" />
        </id>
        <property name="postDate" type="java.lang.String">
            <column name="POSTDATE" />
        </property>
        <property name="title" type="java.lang.String">
            <column name="TITLE" />
        </property>
        <property name="description" type="java.lang.String">
            <column name="DESCRIPTION" />
        </property>
        <property name="image" type="java.lang.String">
            <column name="IMAGE" />
        </property>
        <property name="videoLink" type="java.lang.String">
            <column name="VIDEOLINK" />
        </property>
    </class>
</hibernate-mapping>
